experience,salary
5,72098.01557379858
6,81547.97789525366
4,62648.0532523435
6,81547.97789525366
experience,salary
5,72098.01557379858
9,109897.86485961886
7,90997.94021670872
experience,salary
4,62648.0532523435
experience,salary
4,62648.0532523435
6,81547.97789525366
9,109897.86485961886
experience,salary
8,100447.90253816379
9,109897.86485961886
3,53198.09093088843
8,100447.90253816379
9,109897.86485961886
